Peptide,selection_criteria,Length,VMM1/Nil 1,VMM1/Nil 2,VMM1/Nil 3,VMM1/IFN 1,VMM1/IFN 2,VMM1/IFN 3,1106/Nil 1,1106/Nil 2,1106/Nil 3,1106/IFN 1,1106/IFN 2,1106/IFN 3,A431_sC6/Rep 1,A431_sC6/Rep 2,A431_sC6/Rep 3,detection_count,uniprot_id,ensembl ID,Skin_Sun_Exposed_Lower_leg,median_intensity,VMM1_median_intensity,VMM1_detection_count,VMM1_rank,gtex_rank,netMHCpan4_1,netMHCpan4_1_binding_prediction,1106_median_intensity,A431_median_intensity,1106_detection_count,A431_detection_count,1106_rank,A431_rank
FRHDKRVYL,"['A431', 'VMM1']",9.0,240000.0,5840000.0,307000000.0,5920000.0,27700000.0,7170000000.0,158000.0,,672000.0,17800000.0,,31800000.0,756000000.0,720000000.0,518000000.0,13,Q6P2Q9,ENSG00000174231,116.775,27700000.0,16810000.0,6,1,1812,0.0018,SB,9236000.0,720000000.0,4,3,172,1
LRHDRPYTL,['VMM1'],9.0,7850000.0,119000000.0,315000000.0,33100000.0,86700000.0,255000000.0,120000.0,,,869000.0,,770000.0,,0.0,1250000.0,10,Q96BP3,ENSG00000113593,28.8232,7850000.0,102850000.0,6,2,4981,0.0024,SB,770000.0,625000.0,3,1,385,987
LRYDHQSRL,['VMM1'],9.0,4250000.0,4650000.0,53700000.0,40200000.0,31600000.0,265000000.0,,,,813000.0,,1420000.0,13600000.0,56200000.0,,10,A0A2R8YD58,ENSG00000101266,14.0278,22600000.0,35900000.0,6,3,7092,0.0035,SB,1116500.0,34900000.0,2,2,801,270
FRYPTTEEL,"['A431', 'VMM1']",9.0,700000.0,5420000.0,2870000.0,7250000.0,20100000.0,156000000.0,,,,236000.0,,1200000.0,26700000.0,20300000.0,90300000.0,11,A0A669KBH2,ENSG00000054654,27.9839,7250000.0,6335000.0,6,4,5057,0.001,SB,718000.0,26700000.0,2,3,803,5
TRIPKIQKL,['VMM1'],9.0,475000000.0,5590000000.0,20100000000.0,4450000000.0,3630000.0,5010000000.0,70900000.0,860000.0,56500000.0,421000000.0,,990000000.0,,,,11,E9PNE6,ENSG00000109971,188.048,475000000.0,4730000000.0,6,5,1289,0.0008,SB,70900000.0,,5,0,27,2996
KRNDYVHAL,['VMM1'],9.0,532000000.0,984000000.0,5260000000.0,905000000.0,1070000000.0,8060000000.0,3470000.0,,4800000.0,47100000.0,,51100000.0,1080000000.0,3260000000.0,0.0,12,E9PKG1,ENSG00000126457,53.9443,905000000.0,1027000000.0,6,6,3278,0.0024,SB,25950000.0,1080000000.0,4,2,178,282
YRAQPSVSL,['VMM1'],9.0,33700000.0,112000000.0,110000000.0,107000000.0,161000000.0,158000000.0,407000.0,,964000.0,4520000.0,,11100000.0,,,,10,Q96PK6,ENSG00000239306,20.2476,70350000.0,111000000.0,6,7,6002,0.005,SB,2742000.0,,4,0,181,3013
IRYPDSHQL,['VMM1'],9.0,2700000.0,9900000.0,29100000.0,11100000.0,101000000.0,93200000.0,,,54300.0,748000.0,,0.0,5070000.0,183000000.0,,10,A0A7I2V3E2,ENSG00000138757,18.7222,9900000.0,20100000.0,6,8,6259,0.0023,SB,54300.0,94035000.0,2,2,826,290
YRGPAVRAL,['VMM1'],9.0,12500000.0,8460000.0,46700000.0,37300000.0,97200000.0,190000000.0,,,,578000.0,,375000.0,90700000.0,411000000.0,0.0,10,Q9Y678,ENSG00000181789,84.8679,37300000.0,42000000.0,6,9,2365,0.0018,SB,476500.0,90700000.0,2,2,828,292
TRYQGVNLY,['VMM1'],9.0,23300000.0,187000000.0,379000000.0,324000000.0,9590000.0,969000000.0,43800.0,60300.0,639000.0,1600000.0,,9990000.0,0.0,319000000.0,1390000000.0,13,A0A7I2V4N4,ENSG00000070756,390.878,16645000.0,255500000.0,6,10,800,0.0223,SB,639000.0,319000000.0,5,2,33,306
SRNENLRLL,['VMM1'],9.0,2130000.0,5750000.0,16800000.0,29900000.0,250000000.0,618000000.0,123000.0,,356000.0,1720000.0,,7490000.0,989000000.0,0.0,1020000000.0,12,O75665,ENSG00000046651,9.52983,7490000.0,23350000.0,6,11,8000,0.0025,SB,1038000.0,989000000.0,4,2,188,311
IRVDKITEY,['VMM1'],9.0,642000.0,1570000.0,4340000.0,2330000.0,32300000.0,28200000.0,12000.0,,9260.0,94600.0,,102000.0,,12400000.0,11400000.0,12,C9J1E7,ENSG00000100280,83.4962,1950000.0,3335000.0,6,12,2389,0.0093,SB,53300.0,11900000.0,4,2,189,317
YRLPATQEV,['VMM1'],9.0,465000.0,753000.0,692000.0,925000.0,15300000.0,5820000.0,,,,75800.0,,73200.0,,4740000.0,,9,A0A0A0MRG9,ENSG00000136861,19.2829,753000.0,839000.0,6,13,6162,0.0032,SB,74500.0,4740000.0,2,1,849,1074
VRYPERITI,['VMM1'],9.0,15500000.0,9440000.0,155000000.0,189000000.0,678000000.0,1230000000.0,58000.0,,,551000.0,,2330000.0,27600000.0,17600000.0,27200000.0,12,E5RFI3,ENSG00000104695,69.2931,22400000.0,172000000.0,6,14,2732,0.0074,SB,551000.0,27200000.0,3,3,408,30
SRASPVRLL,['VMM1'],9.0,532000000.0,237000000.0,671000000.0,533000000.0,1780000000.0,2260000000.0,908000.0,494000.0,2150000.0,11400000.0,,23200000.0,28200000.0,350000000.0,610000000.0,14,Q9BRY0,ENSG00000141873,7.88268,293500000.0,602000000.0,6,15,8303,0.0022,SB,2150000.0,350000000.0,5,3,34,31
SRNEGVATY,['VMM1'],9.0,7740000.0,39100000.0,164000000.0,31500000.0,112000000.0,140000000.0,36900.0,24600.0,62700.0,476000.0,,665000.0,,247000.0,,12,A0A2R8Y543,ENSG00000168036,83.3126,4202500.0,75550000.0,6,16,2394,0.026,SB,62700.0,247000.0,5,1,35,1090
TRQDHAQQL,['1106'],9.0,97100000.0,330000000.0,249000000.0,17700000.0,1390000000.0,609000000.0,61200.0,128000.0,686000.0,1760000.0,295000.0,8810000.0,189000000.0,813000000.0,52500000.0,15,F5H6Y5,ENSG00000137497,87.2715,52500000.0,289500000.0,6,33,2306,0.0066,SB,490500.0,189000000.0,6,3,2,55
NRHGLIRKY,['1106'],9.0,165000000.0,227000000.0,2580000000.0,186000000.0,3110000.0,3620000000.0,643000.0,47000.0,15600.0,37600000.0,696000.0,182000000.0,39300000.0,616000000.0,,14,A0A087WTT6,ENSG00000213741,102.665,102150000.0,206500000.0,6,60,2032,0.025,SB,669500.0,327650000.0,6,2,5,507
KSKEFVQKV,['1106'],9.0,110000000.0,347000000.0,1130000000.0,411000000.0,533000000.0,734000000.0,577000.0,168000.0,742000.0,10700000.0,973000.0,18900000.0,,,,12,P49585,ENSG00000161217,46.9273,64450000.0,472000000.0,6,153,3588,0.1349,SB,857500.0,,6,0,13,6406
GVHGGLINK,['1106'],9.0,2410000.0,2970000.0,3050000.0,10000000.0,13200000.0,12800000.0,367000.0,36100.0,171000.0,1170000.0,130000.0,1510000.0,,,,12,K7EJ44,ENSG00000108518,438.44,1960000.0,6525000.0,6,195,739,25.2105,,269000.0,,6,0,16,8418
IIAIPTGVK,['GTEx'],9.0,10600000.0,8860000.0,1640000.0,15000000.0,67700000.0,86300000.0,165000.0,814000.0,,607000.0,,602000.0,,,,10,P00395,ENSG00000198804,30960.2,5250000.0,12800000.0,6,203,0,43.3333,,604500.0,,4,0,358,9073
YRNDSSSSL,['A431'],9.0,1300000.0,5040000.0,10600000.0,4520000.0,0.0,63400000.0,14900.0,10400.0,25600.0,290000.0,,571000.0,20800000.0,40600000.0,7210000.0,13,Q6ZN04,ENSG00000183496,1.57521,2910000.0,4780000.0,5,217,9662,0.005,SB,25600.0,20800000.0,5,3,24,4
TRIPKIQQL,['A431'],9.0,,62300000.0,363000000.0,233000000.0,351000000.0,1010000000.0,3830000.0,1150000.0,11600000.0,32400000.0,,152000000.0,1730000000.0,1290000000.0,1460000000.0,13,P11021,ENSG00000044574,132.876,233000000.0,351000000.0,5,219,1625,0.0007,SB,11600000.0,1460000000.0,5,3,26,6
FRQPQGHLL,['A431'],9.0,,5600000.0,20700000.0,68900000.0,192000000.0,330000000.0,,,,,,1040000.0,217000000.0,196000000.0,79400000.0,9,A0A7P0TB64,ENSG00000197102,41.2483,79400000.0,68900000.0,5,220,3923,0.0039,SB,1040000.0,196000000.0,1,3,1744,7
FRSPLARQL,['A431'],9.0,8800000.0,0.0,242000000.0,63200000.0,929000000.0,701000000.0,,,1350000.0,16700000.0,,21900000.0,90100000.0,38900000.0,17500000.0,11,Q9UMS0,ENSG00000169599,16.0524,30400000.0,152600000.0,5,221,6699,0.0006,SB,16700000.0,38900000.0,3,3,387,8
YRADGIRIY,['A431'],9.0,,534000.0,368000.0,1090000.0,10200000.0,8990000.0,,,61600.0,829000.0,,867000.0,20700000.0,40200000.0,32900000.0,11,Q99973,ENSG00000129566,11.8777,1090000.0,1090000.0,5,222,7547,0.0052,SB,829000.0,32900000.0,3,3,389,10
RRTETVQKL,['1106'],9.0,3630000.0,736000000.0,833000000.0,1830000000.0,3120000000.0,,5990000.0,1850000.0,19400000.0,231000000.0,25000000.0,346000000.0,0.0,2730000000.0,,12,O00299,ENSG00000213719,342.079,231000000.0,833000000.0,5,293,861,0.0057,SB,22200000.0,1365000000.0,6,1,4,1269
NRPGTVSSL,['1106'],9.0,,13800000.0,132000000.0,30200000.0,31600000.0,164000000.0,501000.0,313000.0,2720000.0,8010000.0,1230000.0,10500000.0,,30000000.0,,12,B4DFG0,ENSG00000124795,35.6614,12150000.0,31600000.0,5,345,4415,0.0312,SB,1975000.0,30000000.0,6,1,6,1477
VASDVVRKV,['1106'],9.0,2220000.0,7420000.0,12700000.0,21500000.0,69400000.0,0.0,602000.0,320000.0,688000.0,11000000.0,704000.0,8770000.0,3830000000.0,2220000000.0,1050000000.0,14,H7C410,ENSG00000063660,148.473,8770000.0,10060000.0,5,468,1511,0.0382,SB,696000.0,2220000000.0,6,3,12,209
FNEKSKEL,['GTEx'],8.0,138000.0,1530000.0,451000.0,,333000.0,349000.0,5540.0,9670.0,6970.0,,7000.0,,,,,9,P13645,ENSG00000186395,23478.4,138000.0,349000.0,5,544,7,4.8748,,6985.0,,4,0,337,8250
ALYEAKRQK,['1106'],9.0,132000.0,4790000.0,9320000.0,,110000000.0,45300000.0,988000.0,1480000.0,252000.0,50900.0,194000.0,775000.0,,,,11,P26006,ENSG00000005884,61.0942,988000.0,9320000.0,5,548,2964,8.9223,,513500.0,,6,0,15,8368
IRHPHIVQL,['A431'],9.0,,,9570000.0,324000.0,21600000.0,61800000.0,9250.0,,,0.0,,410000.0,8160000.0,22400000.0,31300000.0,9,Q6PHR2,ENSG00000140474,134.033,8865000.0,15585000.0,4,576,1615,0.0005,SB,9250.0,22400000.0,2,3,792,2
YRFETVQKL,['A431'],9.0,0.0,0.0,700000000.0,182000000.0,588000000.0,3040000000.0,2330000.0,719000.0,5110000.0,569000.0,,86900000.0,7190000.0,3860000000.0,2280000000.0,12,Q5JX58,ENSG00000214078,109.133,47045000.0,385000000.0,4,577,1890,0.0005,SB,2330000.0,2280000000.0,5,3,23,3
LRYAAVRTL,['A431'],9.0,,,11900000.0,19400000.0,67500000.0,178000000.0,,,,272000.0,,558000.0,30000000.0,33000000.0,42300000.0,9,Q9UBF2,ENSG00000158623,23.9477,30000000.0,43450000.0,4,585,5487,0.006,SB,415000.0,33000000.0,2,3,815,15
ALFLTLTTK,['GTEx'],9.0,606000.0,,2840000.0,176000.0,0.0,22800000.0,988000.0,5370000.0,2340000.0,976000.0,,412000.0,,,,9,P00403,ENSG00000198712,25772.4,982000.0,606000.0,4,1058,2,28.6667,,988000.0,,5,0,148,8798
RNVSTGDVNVE,['GTEx'],11.0,,59700000.0,1550000.0,,6240000.0,569000.0,,,,,,,,,,4,P13645,ENSG00000186395,23478.4,3895000.0,3895000.0,4,1101,11,70.0,,,,0,0,10362,10316
EEQLQQIRAE,['GTEx'],10.0,268000.0,10200000.0,704000.0,,778000.0,,12700.0,8410.0,0.0,,,,,,,6,P13645,ENSG00000186395,23478.4,268000.0,741000.0,4,1103,10,80.0,,8410.0,,2,0,1722,10337
YRYGDIRTY,['A431'],9.0,,0.0,1890000.0,,8450000.0,28100000.0,,,,143000.0,,0.0,40800000.0,31000000.0,441000.0,7,Q96T58,ENSG00000065526,31.8833,1890000.0,5170000.0,3,1124,4703,0.0032,SB,71500.0,31000000.0,1,3,1747,9
QRYPMPQNL,['A431'],9.0,965000.0,,,23700000.0,,2630000.0,,,,973000.0,,1240000.0,322000000.0,1290000.0,5580000.0,8,Q9NVR0,ENSG00000178502,2.16667,1960000.0,2630000.0,3,1125,9539,0.0031,SB,1106500.0,5580000.0,2,3,812,12
YRTDMIQAL,['A431'],9.0,,,6610000.0,0.0,225000000.0,382000000.0,40400.0,,117000.0,1270000.0,,6670000.0,1250000000.0,487000.0,2520000.0,10,I3L3Z8,ENSG00000174231,116.775,2520000.0,115805000.0,3,1130,1813,0.002,SB,693500.0,2520000.0,4,3,180,16
NRKDAEAW,['GTEx'],8.0,,1180000.0,308000.0,,373000.0,,,,,,,,,,,3,P13645,ENSG00000186395,23478.4,373000.0,373000.0,3,1804,15,4.8271,,,,0,0,8540,7795
SSSKGSLGGGF,['GTEx'],11.0,,3960000.0,145000.0,,525000.0,,26500.0,1210.0,,,1710.0,,,,,6,P13645,ENSG00000186395,23478.4,85750.0,525000.0,3,1926,9,28.6667,,1710.0,,3,0,744,9340
TEELAYLK,['GTEx'],8.0,,2910000.0,156000.0,,1060000.0,,,,,,,,202000.0,,0.0,4,P13645,ENSG00000186395,23478.4,202000.0,1060000.0,3,1950,13,70.0,,,101000.0,0,1,10103,2893
SRAPSTYTY,['1106'],9.0,3270000.0,12400000.0,,,,0.0,156000.0,82100.0,226000.0,765000.0,133000.0,941000.0,,,,8,A0A0C4DFU3,ENSG00000130363,5.15218,226000.0,3270000.0,2,2111,8838,0.0201,SB,191000.0,,6,0,3,3374
LRRNVQAL,['GTEx'],8.0,,0.0,14400000.0,,84500000.0,,138000.0,,,8060000.0,,,,,,4,P13645,ENSG00000186395,23478.4,8060000.0,14400000.0,2,2668,12,1.0881,WB,4099000.0,,2,0,1298,5876
LAETEGRY,['GTEx'],8.0,,5210000.0,,,1530000.0,,,6890.0,,,,,,,,3,P13645,ENSG00000186395,23478.4,1530000.0,3370000.0,2,3138,14,22.9655,,6890.0,,1,0,3392,9081
YRYVNSRLI,['A431'],9.0,,,,,,3700000.0,,,,,,,5550000.0,2350000.0,916000.0,4,P28288,ENSG00000117528,21.3635,3025000.0,3700000.0,1,3317,5847,0.0083,SB,,2350000.0,0,3,3891,14
FRSGGSRSF,['1106'],9.0,,880000.0,,,,,10600000.0,5640000.0,10800000.0,84600000.0,20700000.0,125000000.0,113000000.0,20200000.0,,9,F8VV57,ENSG00000186081,5365.7,20200000.0,880000.0,1,3450,102,0.0131,SB,15750000.0,66600000.0,6,2,1,340
SRKESYSVY,['1106'],9.0,,,,580000.0,,,508000.0,282000.0,569000.0,4030000.0,1050000.0,5030000.0,,,,7,O60814,ENSG00000197903,31.9199,580000.0,580000.0,1,4065,4695,0.0911,SB,809500.0,,6,0,7,4433
ASFDKAKLK,['1106'],9.0,,,,765000.0,,,8300000.0,9220000.0,3330000.0,27800000.0,978000.0,23000000.0,,,,7,P63313,ENSG00000034510,1271.52,8300000.0,765000.0,1,5603,392,6.3566,,8760000.0,,6,0,14,8292
SLNPDIITGFSS,['GTEx'],12.0,,,571000.0,,,,,,,,,999000.0,,,,2,P03905,ENSG00000198886,24632.3,785000.0,571000.0,1,5983,6,67.5,,999000.0,,1,0,3482,9338
TRIPRVRVL,['A431'],9.0,,,,,,,280000.0,,1040000.0,14700000.0,,17500000.0,110000000.0,180000000.0,329000000.0,7,Q15024,ENSG00000075914,52.1074,17500000.0,,0,6463,3339,0.0014,SB,7870000.0,180000000.0,4,3,177,11
IRAPAVRTL,['A431'],9.0,,,,,,,770000.0,2460000.0,5020000.0,22500000.0,,42700000.0,1530000000.0,14600000.0,1400000.0,8,Q9Y446,ENSG00000184363,304.195,9810000.0,,0,6472,900,0.001,SB,5020000.0,14600000.0,5,3,29,13
FRSKIKNAL,['GTEx'],9.0,,,,,,,15300.0,,,,,,,,,1,P00846,ENSG00000198899,24773.7,15300.0,,0,6601,5,0.0213,SB,15300.0,,1,0,1862,3286
SYLDKVRAL,['GTEx'],9.0,,,,,,,0.0,18600.0,465000.0,57600.0,,6690000.0,78300000.0,243000000.0,3400000000.0,7,P13645,ENSG00000186395,23478.4,3577500.0,,0,6868,8,0.0322,SB,57600.0,243000000.0,4,3,223,102
SYMLPPLFL,['GTEx'],9.0,,,,,,,,,,57400.0,,,,,,1,P00403,ENSG00000198712,25772.4,57400.0,,0,7154,3,0.1893,SB,57400.0,,1,0,2249,4661
VHPPPTTTY,['1106'],9.0,,,,,,,2510000.0,1630000.0,3470000.0,8360000.0,1780000.0,14500000.0,,,,6,A0A1W2PPQ7,ENSG00000124155,20.908,2990000.0,,0,7172,5905,0.1231,SB,2990000.0,,6,0,8,4721
SYRDSYESY,['1106'],9.0,,,,,,,255000.0,248000.0,707000.0,3370000.0,412000.0,5480000.0,,,,6,H3BUY5,ENSG00000147274,58.3301,559500.0,,0,7290,3096,0.4232,SB,559500.0,,6,0,9,4943
SYRDSYDSY,['1106'],9.0,,,,,,,73200.0,27700.0,111000.0,1130000.0,63400.0,1110000.0,,,,6,D6W5Y5,ENSG00000099622,204.477,92100.0,,0,7455,1197,0.9723,WB,92100.0,,6,0,10,5220
KKSDPVVSY,['1106'],9.0,,,,,,,363000.0,208000.0,1660000.0,4760000.0,1630000.0,9650000.0,,,,6,P13639,ENSG00000167658,1515.29,1645000.0,,0,7675,304,0.1816,SB,1645000.0,,6,0,11,5634
VSLYLHDNT,['GTEx'],9.0,,,,,,,11400.0,,,,,,,,,1,P00846,ENSG00000198899,24773.7,11400.0,,0,10139,4,58.75,,11400.0,,1,0,3613,9755
TGIVLANSSLD,['GTEx'],11.0,,,,,,,5070.0,,,,,,,,,1,P00395,ENSG00000198804,30960.2,5070.0,,0,10434,1,90.0,,5070.0,,1,0,3795,10363
